Workbook

Sheet 1 классы
A1: РАСПИСАНИЕ УРОКОВ — 1 КЛАССЫ
A2: Учитель | D2: Туманова С.Д. | E2: Орищенко Ю.Г.
A3: День | B3: № | C3: Время | D3: 1 «А» | E3: 1 «Б»
A4: ПОНЕДЕЛЬНИК | B4: 1. | C4: =Звонки!B2 -> 8.35 - 9.15 | D4: Русский язык | E4: Физкультура
B5: 2. | C5: =Звонки!B3 -> 9.30 - 10.10 | D5: Окружающий мир | E5: Русский язык
B6: 3. | C6: =Звонки!B4 -> 10.25 -11.05 | D6: Физкультура | E6: Литературное чтение
B7: 4. | C7: =Звонки!B5 -> 11.25 - 12.05 | D7: Математика | E7: Математика
B8: 5. | C8: =Звонки!B6 -> 12.25 - 13.05 | D8: ПЛАТНЫЕ №1 | E8: ИЗО
A9: ВТОРНИК | B9: 1. | C9: =Звонки!C2 -> 8.00-8.40 | D9: Динамическая пауза | E9: Окружающий мир
B10: 2. | C10: =Звонки!C3 -> 8.55-9.35 | D10: Русский язык | E10: Динамическая пауза
B11: 3. | C11: =Звонки!C4 -> 9.50-10.30 | D11: ИЗО | E11: Русский язык
B12: 4. | C12: =Звонки!C5 -> 10.50-11.30 | D12: Литературное чтение | E12: Математика
B13: 5. | C13: =Звонки!C6 -> 11.50-12.30 | D13: Математика | E13: ПЛАТНЫЕ №2 (Р.ЯЗ.)
A14: СРЕДА | B14: 1. | C14: =Звонки!C2 -> 8.00-8.40 | D14: Русский язык | E14: ТРУД
B15: 2. | C15: =Звонки!C3 -> 8.55-9.35 | D15: Физкультура | E15: Литературное чтение
B16: 3. | C16: =Звонки!C4 -> 9.50-10.30 | D16: Окружающий мир | E16: Русский язык
B17: 4. | C17: =Звонки!C5 -> 10.50-11.30 | D17: Литературное чтение | E17: Окружающий мир
B18: 5. | C18: =Звонки!C6 -> 11.50-12.30 | D18: ТРУД | E18: Физкультура
A19: ЧЕТВЕРГ | B19: 1. | C19: =Звонки!C2 -> 8.00-8.40 | D19: Русский язык | E19: ПЛАТНЫЕ №1 (МАТ.)
B20: 2. | C20: =Звонки!C3 -> 8.55-9.35 | D20: Литературное чтение | E20: Динамическая пауза
B21: 3. | C21: =Звонки!C4 -> 9.50-10.30 | D21: Математика | E21: Русский язык
B22: 4. | C22: =Звонки!C5 -> 10.50-11.30 | D22: Музыка | E22: Математика
B23: 5. | C23: =Звонки!C6 -> 11.50-12.30 | D23: Динамическая пауза | E23: Литературное чтение
A24: ПЯТНИЦА | B24: 1. | C24: =Звонки!C2 -> 8.00-8.40 | D24: Русский язык | E24: Русский язык
B25: 2. | C25: =Звонки!C3 -> 8.55-9.35 | D25: Литературное чтение | E25: Литературное чтение
B26: 3. | C26: =Звонки!C4 -> 9.50-10.30 | D26: Математика | E26: Физкультура
B27: 4. | C27: =Звонки!C5 -> 10.50-11.30 | D27: Физкультура | E27: Математика
B28: 5. | C28: =Звонки!C6 -> 11.50-12.30 | D28: ПЛАТНЫЕ №2 | E28: Музыка

Sheet 2 классы
A1: РАСПИСАНИЕ УРОКОВ — 2 КЛАССЫ
A2: Учитель | D2: Николаева М.В. | E2: Игнатьева М.К. | F2: Кижеватова Т.В.
A3: День | B3: № | C3: Время | D3: 2 «А» | E3: 2 «Б» | F3: 2 «В»
A4: ПОНЕДЕЛЬНИК | B4: 1. | C4: =Звонки!B2 -> 8.35 - 9.15 | D4: Русский язык | E4: Русский язык | F4: Русский язык
B5: 2. | C5: =Звонки!B3 -> 9.30 - 10.10 | D5: Математика | E5: Иностранный язык | F5: Математика
B6: 3. | C6: =Звонки!B4 -> 10.25 -11.05 | D6: Окружающий мир | E6: Математика | F6: Иностранный язык
B7: 4. | C7: =Звонки!B5 -> 11.25 - 12.05 | D7: Иностранный язык | E7: Окружающий мир | F7: Окружающий мир
B8: 5. | C8: =Звонки!B6 -> 12.25 - 13.05 | D8: Музыка | E8: Литературное чтение | F8: Литературное чтение
A9: ВТОРНИК | B9: 1. | C9: =Звонки!C2 -> 8.00-8.40 | D9: Русский язык | E9: Математика | F9: ПЛАТНЫЕ №1
B10: 2. | C10: =Звонки!C3 -> 8.55-9.35 | D10: Литературное чтение | E10: Русский язык | F10: Русский язык
B11: 3. | C11: =Звонки!C4 -> 9.50-10.30 | D11: Физкультура | E11: Физкультура | F11: Математика
B12: 4. | C12: =Звонки!C5 -> 10.50-11.30 | D12: Математика | E12: Литературное чтение | F12: Литературное чтение
B13: 5. | C13: =Звонки!C6 -> 11.50-12.30 | D13: ПЛАТНЫЕ №2 | E13: Музыка | F13: Физкультура
A14: СРЕДА | B14: 1. | C14: =Звонки!C2 -> 8.00-8.40 | D14: Русский язык | E14: Русский язык | F14: Иностранный язык
B15: 2. | C15: =Звонки!C3 -> 8.55-9.35 | D15: Математика | E15: Математика | F15: Русский язык
B16: 3. | C16: =Звонки!C4 -> 9.50-10.30 | D16: Литературное чтение | E16: ИЗО | F16: Музыка
B17: 4. | C17: =Звонки!C5 -> 10.50-11.30 | D17: Окружающий мир | E17: Литературное чтение | F17: Математика
B18: 5. | C18: =Звонки!C6 -> 11.50-12.30 | D18: Иностранный язык | E18: ПЛАТНЫЕ №1 | F18: Окружающий мир
A19: ЧЕТВЕРГ | B19: 1. | C19: =Звонки!C2 -> 8.00-8.40 | D19: Физкультура | E19: Русский язык | F19: ИЗО
B20: 2. | C20: =Звонки!C3 -> 8.55-9.35 | D20: Русский язык | E20: Математика | F20: Русский язык
B21: 3. | C21: =Звонки!C4 -> 9.50-10.30 | D21: Литературное чтение | E21: Физкультура | F21: Физкультура
B22: 4. | C22: =Звонки!C5 -> 10.50-11.30 | D22: ИЗО | E22: Литературное чтение | F22: Литературное чтение
B23: 5. | C23: =Звонки!C6 -> 11.50-12.30 | D23: Математика | E23: ПЛАТНЫЕ №2 | F23: Математика
A24: ПЯТНИЦА | B24: 1. | C24: =Звонки!C2 -> 8.00-8.40 | D24: Русский язык | E24: Иностранный язык | F24: ПЛАТНЫЕ №2
B25: 2. | C25: =Звонки!C3 -> 8.55-9.35 | D25: Математика | E25: Русский язык | F25: Русский язык
B26: 3. | C26: =Звонки!C4 -> 9.50-10.30 | D26: Литературное чтение | E26: Математика | F26: Литературное чтение
B27: 4. | C27: =Звонки!C5 -> 10.50-11.30 | D27: ТРУД | E27: Окружающий мир | F27: ТРУД
B28: 5. | C28: =Звонки!C6 -> 11.50-12.30 | D28: ПЛАТНЫЕ №1 | E28: ТРУД | F28: Математика

Sheet 3 классы
A1: РАСПИСАНИЕ УРОКОВ — 3 КЛАССЫ
A2: Учитель | D2: Гольцева Е.В. | E2: Гурова А.А. | F2: Лимасова И.А. | G2: Кулявина Е.В.
A3: День | B3: № | C3: Время | D3: 3 «А» | E3: 3 «Б» | F3: 3 «В» | G3: 3 «Г»
A4: ПОНЕДЕЛЬНИК | B4: 1. | C4: =Звонки!C2 -> 8.00-8.40 | D4: Русский язык | E4: Русский язык | F4: Русский язык | G4: Математика
B5: 2. | C5: =Звонки!C3 -> 8.55-9.35 | D5: Иностранный язык | E5: Математика | F5: Математика | G5: Русский язык
B6: 3. | C6: =Звонки!C4 -> 9.50-10.30 | D6: Окружающий мир | E6: Музыка | F6: Литературное чтение | G6: Иностранный язык
B7: 4. | C7: =Звонки!C5 -> 10.50-11.30 | D7: Математика | E7: Литературное чтение | F7: Физкультура | G7: ТРУД
B8: 5. | C8: =Звонки!C6 -> 11.50-12.30 | D8: Физкультура | E8: ПЛАТНЫЕ №1 | F8: Окружающий мир | G8: ПЛАТНЫЕ №1
A9: ВТОРНИК | B9: 1. | C9: =Звонки!C2 -> 8.00-8.40 | D9: Русский язык | E9: Русский язык | F9: Русский язык | G9: Русский язык
B10: 2. | C10: =Звонки!C3 -> 8.55-9.35 | D10: Математика | E10: Математика | F10: Математика | G10: Математика
B11: 3. | C11: =Звонки!C4 -> 9.50-10.30 | D11: Литературное чтение | E11: Окружающий мир | F11: Окружающий мир | G11: Окружающий мир
B12: 4. | C12: =Звонки!C5 -> 10.50-11.30 | D12: ИЗО | E12: Иностранный язык | F12: Иностранный язык | G12: Литературное чтение
B13: 5. | C13: =Звонки!C6 -> 11.50-12.30 | D13: ПЛАТНЫЕ №2 | E13: ТРУД | F13: ТРУД | G13: Иностранный язык
A14: СРЕДА | B14: 1. | C14: =Звонки!C2 -> 8.00-8.40 | D14: Русский язык | E14: ИЗО ПЛАТНЫЕ ИН.ЯЗ | F14: Русский язык | G14: Физкультура
B15: 2. | C15: =Звонки!C3 -> 8.55-9.35 | D15: ТРУД | E15: Русский язык | F15: Математика | G15: Русский язык
B16: 3. | C16: =Звонки!C4 -> 9.50-10.30 | D16: Математика | E16: Математика | F16: Физкультура | G16: Математика
B17: 4. | C17: =Звонки!C5 -> 10.50-11.30 | D17: Литературное чтение | E17: Физкультура | F17: Литературное чтение | G17: Литературное чтение
B18: 5. | C18: =Звонки!C6 -> 11.50-12.30 | D18: ПЛАТНЫЕ №1 | E18: Литературное чтение | F18: ПЛАТНЫЕ №1 | G18: ПЛАТНЫЕ №2
A19: ЧЕТВЕРГ | B19: 1. | C19: =Звонки!C2 -> 8.00-8.40 | D19: Русский язык | E19: Русский язык | F19: ИЗО | G19: Русский язык
B20: 2. | C20: =Звонки!C3 -> 8.55-9.35 | D20: Окружающий мир | E20: Физкультура | F20: Русский язык | G20: Математика
B21: 3. | C21: =Звонки!C4 -> 9.50-10.30 | D21: Математика | E21: Математика | F21: Литературное чтение | G21: Литературное чтение
B22: 4. | C22: =Звонки!C5 -> 10.50-11.30 | D22: Литературное чтение | E22: Литературное чтение | F22: Физкультура | G22: Окружающий мир
B23: 5. | C23: =Звонки!C6 -> 11.50-12.30 | D23: Физкультура | E23: ПЛАТНЫЕ №2 | F23: ПЛАТНЫЕ №2 | G23: Физкультура
A24: ПЯТНИЦА | B24: 1. | C24: =Звонки!C2 -> 8.00-8.40 | D24: Иностранный язык | E24: Русский язык | F24: Русский язык | G24: Физкультура
B25: 2. | C25: =Звонки!C3 -> 8.55-9.35 | D25: Музыка | E25: Физкультура | F25: Иностранный язык | G25: Русский язык
B26: 3. | C26: =Звонки!C4 -> 9.50-10.30 | D26: Русский язык | E26: Литературное чтение | F26: Музыка | G26: Музыка
B27: 4. | C27: =Звонки!C5 -> 10.50-11.30 | D27: Литературное чтение | E27: Окружающий мир | F27: Математика | G27: Литературное чтение
B28: 5. | C28: =Звонки!C6 -> 11.50-12.30 | D28: Физкультура | E28: Иностранный язык | F28: Литературное чтение | G28: ИЗО

Sheet 4 классы
A1: РАСПИСАНИЕ УРОКОВ — 4 КЛАССЫ
A2: Учитель | D2: Туманова С.Д. | E2: Олейникова А.С. | F2: Угарова Ж.И. | G2: Морозова Е.В.
A3: День | B3: № | C3: Время | D3: 4 «А» | E3: 4 «Б» | F3: 4 «В» | G3: 4 «Г»
A4: ПОНЕДЕЛЬНИК | B4: 1. | C4: =Звонки!B2 -> 8.35 - 9.15 | D4: Окружающий мир | E4: Математика | F4: ПЛАТНЫЕ №1 | G4: Русский язык
B5: 2. | C5: =Звонки!B3 -> 9.30 - 10.10 | D5: Математика | E5: Русский язык | F5: Русский язык | G5: Физкультура
B6: 3. | C6: =Звонки!B4 -> 10.25 -11.05 | D6: Русский язык | E6: Физкультура | F6: Математика | G6: Математика
B7: 4. | C7: =Звонки!B5 -> 11.25 - 12.05 | D7: Физкультура | E7: Литературное чтение | F7: Окружающий мир | G7: Литературное чтение
B8: 5. | C8: =Звонки!B6 -> 12.25 - 13.05 | D8: ТРУД | E8: ОРКСЭ | F8: Физкультура | G8: ПЛАТНЫЕ №1
A9: ВТОРНИК | B9: 1. | C9: =Звонки!C2 -> 8.00-8.40 | D9: Русский язык | E9: Иностранный язык | F9: Литературное чтение | G9: Музыка
B10: 2. | C10: =Звонки!C3 -> 8.55-9.35 | D10: ИЗО | E10: Математика | F10: Русский язык | G10: Русский язык
B11: 3. | C11: =Звонки!C4 -> 9.50-10.30 | D11: Математика | E11: Русский язык | F11: Математика | G11: Математика
B12: 4. | C12: =Звонки!C5 -> 10.50-11.30 | D12: Литературное чтение | E12: Окружающий мир | F12: Иностранный язык | G12: Литературное чтение
B13: 5. | C13: =Звонки!C6 -> 11.50-12.30 | D13: Иностранный язык | E13: ПЛАТНЫЕ №1 | F13: ИЗО | G13: ТРУД
A14: СРЕДА | B14: 1. | C14: =Звонки!C2 -> 8.00-8.40 | D14: Физкультура | E14: Русский язык | F14: ТРУД | G14: Русский язык
B15: 2. | C15: =Звонки!C3 -> 8.55-9.35 | D15: Русский язык | E15: Музыка | F15: Литературное чтение | G15: Литературное чтение
B16: 3. | C16: =Звонки!C4 -> 9.50-10.30 | D16: Математика | E16: Литературное чтение | F16: Математика | G16: ОРКСЭ
B17: 4. | C17: =Звонки!C5 -> 10.50-11.30 | D17: Литературное чтение | E17: ТРУД | F17: Русский язык | G17: Физкультура
B18: 5. | C18: =Звонки!C6 -> 11.50-12.30 | D18: ПЛАТНЫЕ №1 | E18: Физкультура | F18: ПЛАТНЫЕ №2 | G18: Окружающий мир
A19: ЧЕТВЕРГ | B19: 1. | C19: =Звонки!C2 -> 8.00-8.40 | D19: Музыка | E19: Русский язык | F19: Иностранный язык | G19: Русский язык
B20: 2. | C20: =Звонки!C3 -> 8.55-9.35 | D20: Русский язык | E20: Математика | F20: Русский язык | G20: Математика
B21: 3. | C21: =Звонки!C4 -> 9.50-10.30 | D21: Окружающий мир | E21: Литературное чтение | F21: Литературное чтение | G21: Литературное чтение
B22: 4. | C22: =Звонки!C5 -> 10.50-11.30 | D22: Математика | E22: Окружающий мир | F22: Окружающий мир | G22: ИЗО
B23: 5. | C23: =Звонки!C6 -> 11.50-12.30 | D23: Литературное чтение | E23: ПЛАТНЫЕ №2 | F23: ОРКСЭ | G23: Иностранный язык
A24: ПЯТНИЦА | B24: 1. | C24: =Звонки!C2 -> 8.00-8.40 | D24: ОРКСЭ | E24: Русский язык | F24: Музыка | G24: Русский язык
B25: 2. | C25: =Звонки!C3 -> 8.55-9.35 | D25: Русский язык | E25: Математика | F25: Математика | G25: Иностранный язык
B26: 3. | C26: =Звонки!C4 -> 9.50-10.30 | D26: Иностранный язык | E26: Литературное чтение | F26: Русский язык | G26: Математика
B27: 4. | C27: =Звонки!C5 -> 10.50-11.30 | D27: Литературное чтение | E27: ИЗО | F27: Литературное чтение | G27: Окружающий мир
B28: 5. | C28: =Звонки!C6 -> 11.50-12.30 | D28: ПЛАТНЫЕ №2 | E28: Иностранный язык | F28: Физкультура | G28: ПЛАТНЫЕ №2

Sheet Предметы
A1: Предмет | B1: Цвет | D1: Палитра цветов
A2: Динамическая пауза | D2: 1 | E2: Голубой
A3: ИЗО | D3: 2 | E3: Зелёный
A4: ИЗО ПЛАТНЫЕ ИН.ЯЗ | D4: 3 | E4: Жёлтый
A5: Иностранный язык | D5: 4 | E5: Оранжевый
A6: Литературное чтение | D6: 5 | E6: Розовый
A7: Математика | D7: 6 | E7: Фиолетовый
A8: Музыка | D8: 7 | E8: Красный
A9: Окружающий мир | D9: 8 | E9: Серый
A10: ОРКСЭ | D10: 9 | E10: Бирюзовый
A11: ПЛАТНЫЕ №1 | D11: 10 | E11: Бежевый
A12: ПЛАТНЫЕ №1 (МАТ.)
A13: ПЛАТНЫЕ №2
A14: ПЛАТНЫЕ №2 (Р.ЯЗ.)
A15: Русский язык
A16: ТРУД
A17: Физкультура

Sheet Звонки
A1: Урок № | B1: Понедельник | C1: Вт–Пт
A2: 1. | B2: 8.35 - 9.15 | C2: 8.00-8.40
A3: 2. | B3: 9.30 - 10.10 | C3: 8.55-9.35
A4: 3. | B4: 10.25 -11.05 | C4: 9.50-10.30
A5: 4. | B5: 11.25 - 12.05 | C5: 10.50-11.30
A6: 5. | B6: 12.25 - 13.05 | C6: 11.50-12.30
